"ID","Description","GeneRatio","BgRatio","pvalue","p.adjust","qvalue","geneID","Count"
"GO:0006941","striated muscle contraction","7/35","82/3861",6.26397830299723e-06,0.00511140629524574,0.00470128055793371,"Ttn/Myh14/Myh6/Dsp/Ank2/Mybpc3/Myh3",7
"GO:0055008","cardiac muscle tissue morphogenesis","4/35","25/3861",6.25720468667142e-05,0.0119909402052109,0.0110288188419961,"Ttn/Myh6/Dsp/Mybpc3",4
"GO:0006936","muscle contraction","7/35","118/3861",6.88688778940145e-05,0.0119909402052109,0.0110288188419961,"Ttn/Myh14/Myh6/Dsp/Ank2/Mybpc3/Myh3",7
"GO:0048644","muscle organ morphogenesis","4/35","26/3861",7.34738983162433e-05,0.0119909402052109,0.0110288188419961,"Ttn/Myh6/Dsp/Mybpc3",4
"GO:0060415","muscle tissue morphogenesis","4/35","26/3861",7.34738983162433e-05,0.0119909402052109,0.0110288188419961,"Ttn/Myh6/Dsp/Mybpc3",4
"GO:0002027","regulation of heart rate","4/35","34/3861",0.000216475354207403,0.0294406481722068,0.0270784083420839,"Myh6/Dsp/Ank2/Mybpc3",4
"GO:0060048","cardiac muscle contraction","5/35","65/3861",0.00025441241639642,0.0296572188256398,0.0272776019384432,"Ttn/Myh6/Dsp/Ank2/Mybpc3",5
"GO:0003012","muscle system process","7/35","158/3861",0.00042969031564568,0.0438284121958594,0.040311736191496,"Ttn/Myh14/Myh6/Dsp/Ank2/Mybpc3/Myh3",7
